A,,
ALM Audit Report,รายงานการตรวจสอบ ALM,
About,เกี่ยวกับ,
Account,บัญชี,
Account Info,ข้อมูลบัญชี,
Accounting,การบัญชี,
Accounting Details,รายละเอียดบัญชี,
Accounting Dimension,มิติทางบัญชี,
Accounting Dimensions,มิติการบัญชี,
Accounts,บัญชี,
Accounts User,ผู้ใช้บัญชี,
Accrual Date,วันที่คงค้าง,
Accrual Details,รายละเอียดการคำนวณค้างจ่าย,
Accrual Type,ประเภทค้างรับค้างจ่าย,
Active,ใช้งาน,
Add To First EMI,เพิ่มเป็นงวดแรก,
Add to first repayment,เพิ่มไปยังการชำระเงินงวดแรก,
Additional Information,ข้อมูลเพิ่มเติม,
Additional Interest,ดอกเบี้ยเพิ่มเติม,
Additional Interest Accounts ,บัญชีดอกเบี้ยเพิ่มเติม,
Additional Interest Accrued,ดอกเบี้ยสะสมเพิ่มเติม,
Additional Interest Amount,จำนวนดอกเบี้ยเพิ่มเติม,
Additional Interest Income,รายได้ดอกเบี้ยเพิ่มเติม,
Additional Interest Receivable,ดอกเบี้ยรับเพิ่มเติม,
Additional Interest Suspense,ดอกเบี้ยค้างรับเพิ่มเติม,
Additional Interest Suspense Entry,รายการพักดอกเบี้ยเพิ่มเติมค้างรับ,
Additional Interest Waiver,การยกเว้นดอกเบี้ยเพิ่มเติม,
Additional Requirements,,
Additional details or special instructions,,
Additional notes about this fee,,
Additional requirements or special conditions,,
Address,ที่อยู่,
Address Details,รายละเอียดที่อยู่,
Address HTML,ที่อยู่ HTML,
Adjusted Amount,จำนวนที่ปรับปรุงแล้ว,
Adjusted Interest,ดอกเบี้ยปรับปรุง,
Adjustment Account,บัญชีปรับปรุง,
Adjustment Details,รายละเอียดการปรับปรุง,
Adjustment Receivable Account,บัญชีลูกหนี้ปรับปรุง,
Adjustment Type,ประเภทการปรับปรุง,
Adjustments,ปรับปรุงบัญชี,
Advance Payment,เงินมัดจำ,
Against Loan,ต่อต้านเงินกู้,
Against Loan ,ต่อต้านเงินกู้,
All entries on and after this date will be reposted,รายการทั้งหมดตั้งแต่วันที่นี้เป็นต้นไปจะถูกโพสต์ซ้ำใหม่,
Allocated Amount,จำนวนเงินที่จัดสรรแล้ว,
Allocated Date,วันที่จัดสรร,
Allocated Demands,ความต้องการที่จัดสรรแล้ว,
Allow NPL Customers,,
Allow customers with Non-Performing Loan history,,
Allowed Collateral Types,,
Amended From,แก้ไขจาก,
America/New_York,อเมริกา / New_York,
Amount,จำนวน,
Amount Paid,จำนวนเงินที่ชำระ,
Amount on which interest is calculated,จำนวนเงินที่ใช้คำนวณดอกเบี้ย,
Amounts,จํานวนเงิน,
Any Collateral,,
Applicability Range,,
Applicant,ผู้ขอ,
Applicant ,ผู้สมัคร,
Applicant Details,รายละเอียดผู้สมัคร,
Applicant Name,ชื่อผู้ยื่นคำขอ,
Applicant Type,ประเภทผู้สมัคร,
Applicant-Wise Loan Security Exposure,การเปิดเผยความเสี่ยงด้านหลักประกันเงินกู้ตามผู้สมัคร,
Applies to Loan Amount (Max),,
Applies to Loan Amount (Min),,
Approved,ได้รับการอนุมัติ,
Apps,แอปส์,
Assigned Territories,,
Auto Write Off Amount ,จำนวนตัดจำหน่ายอัตโนมัติ,
Automatically set based on parent product. Sub-products inherit approval limits from parent.,,
Available,พร้อมใช้งาน,
Available Amount,จำนวนเงินที่ใช้ได้,
Available Limit,วงเงินที่ใช้ได้,
Available Limit Amount,จำนวนวงเงินที่ใช้ได้,
Available Security Deposit,เงินมัดจำประกันที่มีอยู่,
Available Security Value,ค่าความปลอดภัยที่ใช้ได้,
Average Deal Value,,
B,,
BPI,BPI,
BPI Amount Difference,ส่วนต่างจำนวนเงิน BPI,
BPI Difference Date,วันที่ต่างของ BPI,
Balance Amount,ยอดคงเหลือ,
Balance Loan Amount,ยอดคงเหลือวงเงินกู้,
Balance Overdue Principal,ยอดเงินต้นค้างชำระ,
Bank Account,บัญชีธนาคาร,
Bank Statement,รายการเงินฝากถอนในบัญชีเงินฝาก,
Base Amount,จำนวนเงินฐาน,
Basic Information,ข้อมูลพื้นฐาน,
Beginner,ผู้เริ่มต้น,
Bi-Weekly,สองสัปดาห์ครั้ง,
Both Fixed Deposit and Corporate Guarantee,เงินฝากประจำและการค้ำประกันของบริษัท,
Branch,สาขา,
Branch Details,รายละเอียดสาขา,
Broken Period Interest,ดอกเบี้ยช่วงเวลาที่ขาดช่วง,
Broken Period Interest Days,จำนวนวันดอกเบี้ยช่วงเวลาขาดช่วง,
Broken Period Interest Recovery Account,บัญชีเรียกเก็บดอกเบี้ยช่วงเวลาขาดช่วง,
Bulk Repayment Log,บันทึกการชำระคืนจำนวนมาก,
Business Registration,,
Busy,ไม่ว่าง,
C,,
Cancel Future Accruals and Demands ,ยกเลิกการรับรู้รายได้ค้างรับและความต้องการในอนาคต,
Cancel future EMI Demands,ยกเลิกคำขอ EMI ในอนาคต,
Cancellation Date,วันที่ยกเลิก,
Cancelled,ยกเลิกแล้ว,
Capacity Management,,
Capitalize,ขึ้นต้นด้วยตัวพิมพ์ใหญ่,
Carry Forward,Carry Forward,
Centralized,รวมศูนย์,
Change Date,เปลี่ยนวันที่,
Charge,ค่าใช้จ่าย,
Charge Accounts,บัญชีเรียกเก็บเงิน,
Charge Amount,จำนวนเงินค่าบริการ,
Charge Based On,คิดค่าบริการตาม,
Charge Code,รหัสค่าใช้จ่าย,
Charge Payment,เก็บเงินค่าชำระ,
Charge Type,ประเภทค่าใช้จ่าย,
Charges,ค่าใช้จ่าย,
Charges Capitalization,การตัดต้นทุนเป็นสินทรัพย์,
Charges Overdue,ค่าธรรมเนียมค้างชำระ,
Charges Treatment,การจัดการค่าใช้จ่าย,
Charges Waiver,การยกเว้นค่าธรรมเนียม,
Check credit bureau (NCB) before approving loan,,
Check if fee amount is a percentage of loan amount,,
Check if field verification is required,,
Check if guarantor is required for this product,,
Check if income verification is required,,
Check if ownership transfer is required,,
Check if this fee is waived (free),,
Classification Code,รหัสประเภท,
Classification Name,ชื่อประเภท,
Clear demand allocation before repost,ล้างการจัดสรรความต้องการก่อนโพสต์ใหม่,
Clearance Date,วันที่ เป็น,
Closed,ปิด,
Closed Account Report,,
Closure Date,วันที่ไว้,
Co Lender Schedule,ตารางผู้ให้กู้ร่วม,
Co Lending,กู้ร่วม,
Co-Lender Schedule,ตารางผู้ให้กู้ร่วม,
Collateral Category,,
Collateral Photo,,
Collateral Requirements,,
Collateral Settings,,
Collateral Type,ประเภทหลักประกัน,
Collateral and guarantor requirements by loan amount tier,,
Collection Offset Sequence,ลำดับการตั้งยอดหนี้คงค้างชำระ,
Collection Offset Sequence for Settlement Collection,ลำดับการตัดยอดการเก็บเงินสำหรับการชำระเงิน,
Collection Offset Sequence for Standard Asset,ลำดับการตั้งยอดตัดชำระสำหรับสินทรัพย์มาตรฐาน,
Collection Offset Sequence for Sub Standard Asset,ลำดับการตั้งยอดชดเชยสำหรับสินทรัพย์ด้อยคุณภาพ,
Collection Offset Sequence for Written Off Asset,ลำดับการตั้งยอดตัดชำระสำหรับสินทรัพย์ตัดจำหน่ายแล้ว,
Collection Percentage,เปอร์เซ็นต์การเก็บเงิน,
Collection at partner's percentage,การเก็บเงินตามเปอร์เซ็นต์ของพันธมิตร,
Color theme for highlighted point,,
Company,บริษัท,
Company Collection Percentage,เปอร์เซ็นต์การเก็บเงินของบริษัท,
Completed,เสร็จสมบูรณ์,
Completed Tenure,ระยะเวลาที่เสร็จสมบูรณ์,
Components,ส่วนประกอบ,
Connections,การเชื่อมต่อ,
Contract Export Report,,
Contract Fee,,
Conversion Rate,อัตราการแปลง,
Corporate Guarantee Only,การรับประกันของบริษัทเท่านั้น,
Cost Center,ศูนย์ต้นทุน,
Credit Account,บัญชีเครดิต,
Credit Adjustment,ปรับยอดเครดิต,
Credit Adjustment Amount,จำนวนปรับยอดเครดิต,
Credit Approval Report,,
Criteria for loan application screening and approval,,
Current Deal Count,,
Current Disbursed Amount,จำนวนเงินที่จ่ายออกปัจจุบัน,
Current Lead Count,,
Current Principal Amount,จำนวนเงินต้นปัจจุบัน,
Current Restructure Count,จำนวนการปรับโครงสร้างปัจจุบัน,
Custom Product Code,,
Custom Product Settings,,
Custom Requirements,,
Custom product categorization and requirements,,
"Custom product code (M, N, O, MC, L, H, RE, One Time) or sub-product code (e.g., M-01, N-02). Main products: M=Minimal, N=Normal, O=Over, MC=Motor, L=Land, H=Home, RE=Refinance, One Time=Agricultural",,
Customer,ลูกค้า,
Customer Refund Account,บัญชี ชารอายัดลูกค้า,
Cyclic Day Of the Month,วันที่หมุนเวียนของเดือน,
D,,
Daily,รายวัน,
Danger,อันตราย,
Date,วันที่,
Day of every month on which the repayment date is considered,วันในแต่ละเดือนที่ถือเป็นวันครบกำหนดชำระเงิน,
Days Past Due,จำนวนวันที่เลยกำหนดชำระ,
Days Past Due Log,บันทึกวันครบกำหนดชำระเกินกำหนด,
Days Past Due Threshold for NPA,เกณฑ์จำนวนวันเกินกำหนดสำหรับสินทรัพย์ที่ไม่ก่อให้เกิดรายได้ (NPA),
Debit Adjustment,ปรับปรุงเดบิต,
Debit Adjustment Amount,จำนวนปรับปรุงเดบิต,
Decentralized,กระจายอำนาจ,
Define minimum and maximum loan periods in months,,
Delete GL Entries,ลบรายการสมุดรายวันทั่วไป,
Delinked,ยกเลิกการเชื่อมโยง,
Delinquent Available Limit,วงเงินคงเหลือที่ค้างชำระ,
Delinquent In Process Limit,ขีดจำกัดการดำเนินการค้างชำระ,
Delinquent Limit,ขีดจำกัดการค้างชำระ,
Delinquent Limit Amount,จำนวนวงเงินค้างชำระสูงสุด,
Delinquent Limit Percent,เปอร์เซ็นต์ขีดจำกัดค้างชำระ,
Delinquent Principal Outstanding,เงินต้นค้างชำระ,
Delinquent Utilized Limit,วงเงินที่ใช้เกินกำหนด,
Demand Amount,จำนวนความต้องการ,
Demand Date,วันที่ต้องการ,
Demand Generated,คำขอที่สร้างขึ้นแล้ว,
Demand Subtype,ประเภทย่อยของความต้องการ,
Demand Type,ประเภทความต้องการ,
Department,แผนก,
Deposit Amount,จำนวนเงินมัดจำ,
Deposit Date,วันที่การ,
Description,คำอธิบาย,
Description (EN),,
Description (English),,
Description (TH),,
Description (Thai),,
Designation,ตำแหน่งงาน,
Detailed explanation of this selling point,,
Details,รายละเอียด,
Disabled,ปิดใช้งาน,
Disbursed,การเบิกจ่าย,
Disbursed Amount,จำนวนเงินที่เบิกจ่าย,
Disbursement,การเบิกจ่าย,
Disbursement Account,บัญชี การอา,
Disbursement Date,วันที่เบิกจ่าย,
Disbursement Details,รายละเอียดการเบิกจ่าย,
Disbursement References,เอกสารอ้างอิงการจ่ายเงิน,
Display Settings,แสดงการตั้งค่า,
Display order (lower number shows first),,
Document Details,รายละเอียดเอกสาร,
Document Name (English),,
Document Name (Thai),,
Document Requirements,ข้อกำหนดเอกสาร,
Document Type,ประเภทเอกสาร,
Documentation,เอกสารประกอบ,
Draft,ฉบับร่าง,
Due Date,วันที่ครบกำหนด,
E,,
EMI,EMI,
EMI (PMT) based,EMI (PMT) ตามฐาน,
EMI (Principal + Interest),เงินผ่อนชำระรายเดือน (เงินต้น + ดอกเบี้ย),
Early Repayment Fee,,
Effective Date,วันที่มีผลบังคับใช้,
Employee,พนักงาน,
Employee Self Service,,
Enable Partner Accounting,เปิดใช้งานการบัญชีคู่ค้า,
End of the current month,สิ้นสุดเดือนปัจจุบัน,
Entries To Cancel,รายการที่จะยกเลิก,
Entries To Repost,รายการที่ต้องบันทึกซ้ำ,
Entry Fee,,
Event,เหตุการณ์,
Excess Amount,จำนวนเงินเกินกำหนด,
Excess Amount Acceptance Limit,ขีดจำกัดการยอมรับจำนวนเงินเกิน,
Excess Amount Paid,จำนวนเงินที่ชำระเกิน,
Excess amount repayment limit during loan closure,ขีดจำกัดการชำระเงินเกินจำนวนในระหว่างการปิดสินเชื่อ,
Expert,ผู้เชี่ยวชาญ,
Expertise Level,,
FLDG,FLDG,
FLDG Account,บัญชี FLDG,
FLDG Corporate Guarantee Percentage,เปอร์เซ็นต์การค้ำประกันของบริษัท FLDG,
FLDG Fixed Deposit Percentage,อัตราร้อยละเงินฝากประจำ FLDG,
FLDG Limit Calculation Component,ส่วนประกอบการคำนวณขีดจำกัด FLDG,
FLDG Trigger DPD,ทริกเกอร์ FLDG DPD,
FLDG Trigger Date,วันที่ทริกเกอร์ FLDG,
FLDG Triggered,FLDG ถูกกระตุ้น,
Failed Repayment,การชำระคืนล้มเหลว,
Feature this selling point prominently,,
Fee Amount,,
Fee Details,,
Fee Name (English),,
Fee Name (Thai),,
Fee Type,,
Fees,ค่าธรรมเนียม,
"Fees, collateral requirements, documents, and selling points",,
Field Verification Required,,
Financial Statement,งบการเงิน,
Fixed Amount,จำนวนเงินคงที่,
Fixed Deposit Only,ฝากประจำเท่านั้น,
Force Update DPD in Loan,บังคับอัปเดต DPD ในสินเชื่อ,
Foreclosure Type,ประเภทการยึดทรัพย์,
Frappe School,Frappe School,
Frappe Support,ฝ่ายสนับสนุน Frappe,
Freeze Account,อารงค์บัญชี / ระงับบัญชี,
Freeze Date,วันที่อายัดบัญชี,
From Branch,จากสาขา,
From Date,จากวันที่,
Full Settlement,การชำระเงินเต็มจำนวน,
Grace Period in Days,ระยะเวลาปลอดหนี้เป็นวัน,
Guarantor Required,ต้องมีผู้ค้ำประกัน,
Haircut,การตัดผม,
Haircut %,ตัดผม%,
Haircut percentage is the percentage difference between market value of the Loan Security and the value ascribed to that Loan Security when used as collateral for that loan.,เปอร์เซ็นต์การตัดผมคือเปอร์เซ็นต์ความแตกต่างระหว่างมูลค่าตลาดของหลักประกันเงินกู้กับมูลค่าที่ระบุไว้กับหลักประกันเงินกู้นั้นเมื่อใช้เป็นหลักประกันสำหรับเงินกู้นั้น,
Highlight Color,,
Highlight Settings,,
Highlight This Point,,
House Registration,ทะเบียนบ้าน,
"How recent the document must be (e.g., 3 for salary slips)",,
ID Card,,
Icon,ไอคอน,
"Icon name (e.g., clock, dollar-sign, check-circle) for display",,
Ignore On Cancel Amount Update,ละเว้นการอัปเดตจำนวนเงินเมื่อยกเลิก,
In Process Limit,ขีดจำกัดระหว่างกระบวนการ,
Inactive,ไม่ใช้งาน,
Income Account,บัญชีรายได้,
Income Multiplier,,
Income Verification Required,,
Info,ข้อมูล,
Initiated,เริ่มต้นแล้ว,
Insurance Fee,,
Interest,ดอกเบี้ย,
Interest Accounts,บัญชีดอกเบี้ย,
Interest Accrued Account,บัญชี การอายัดเรียการ,
Interest Adjustment,การปรับดอกเบี้ย,
Interest Amount,จำนวนเงินที่น่าสนใจ,
Interest Capitalization,การทบต้นดอกเบี้ย,
Interest Carry Forward,ดอกเบี้ยยกไปข้างหน้า,
Interest Income Account,บัญชีรายได้ดอกเบี้ย,
Interest Overdue,ดอกเบี้ยค้างชำระ,
Interest Payable,ดอกเบี้ยค้างจ่าย,
Interest Receivable Account,บัญชีลูกหนี้ดอกเบี้ย,
Interest Treatment,การจัดการดอกเบี้ย,
Interest Type,ประเภทดอกเบี้ย,
Interest Waiver,การยกเว้นดอกเบี้ย,
Interest Waiver Account,บัญชียกเว้นดอกเบี้ย,
Interest Waiver Amount,จำนวนเงินยกเว้นดอกเบี้ย,
Intermediate,สื่อกลาง,
Internal Foreclosure,การยึดทรัพย์ภายใน,
Invoice Date,วันที่ออกใบแจ้งหนี้,
Is Backdated,ย้อนหลังวันที่,
Is Excess Amount Refund,ยอดเงินส่วนเกินที่คืนเงินแล้วหรือไม่,
Is Mandatory,เป็นข้อบังคับ,
Is NPA,เป็น NPA,
Is Percentage,,
Is Primary,เป็นหลัก,
Is Secured Loan,สินเชื่อที่มีหลักประกัน,
Is Security Amount Refund,ยอดเงินประกันคืน,
Is Settlement Write Off,เป็นการตัดยอดชำระบัญชี,
Is Sub-Product,,
Is Term Loan,เป็นเงินกู้ระยะยาว,
Is Waived,,
Is Write Off Waiver,เป็นการยกเว้นการตัดบัญชี,
Is Written Off,ตัดบัญชีแล้ว,
Keyboard Shortcuts,แป้นพิมพ์ลัด,
LTV Ratio (Loan-to-Value),,
Land,,
Land + Property,,
Land Title Deed,,
Last Accrual Date,วันที่ค้างรับล่าสุด,
Late Payment Fee,,
Leave blank for unlimited,,
Leave blank if applies to all amounts,,
Leave blank if no upper limit,,
Lending,การกู้ยืม,
Limit Amount,จำนวนเงินจำกัด,
Limit Applicable End,จำกัดสิ้นสุดการใช้สิทธิ์,
Limit Applicable Start,วันที่เริ่มต้นที่ใช้บังคับ,
Limit Percent,จำกัดเปอร์เซ็นต์,
Limit Renewal,การต่ออายุขีดจำกัด,
Limits,ขีดจำกัด,
Line of Credit,วงเงินเครดิต,
Link to parent product if this is a sub-product. Leave blank for main products.,,
Loan,เงินกู้,
Loan ,เงินกู้,
Loan  Details,รายละเอียดสินเชื่อ,
Loan Account,บัญชีเงินกู้,
Loan Accounts,บัญชีเงินกู้,
Loan Accrual Repost,ปรับปรุงรายการค้างรับเงินกู้ใหม่,
Loan Accrual Repost Detail,รายละเอียดการบันทึกซ้ำการค้างชำระเงินกู้,
Loan Adjustment,การปรับยอดเงินกู้,
Loan Adjustment Detail,รายละเอียดการปรับยอดเงินกู้,
Loan Amount,การกู้ยืมเงิน,
Loan Amount Details,รายละเอียดจำนวนเงินกู้,
Loan Amount Percentage,เปอร์เซ็นต์จำนวนเงินกู้,
Loan Amount Range,,
Loan Application,การขอสินเชื่อ,
Loan Balance Adjustment,การปรับยอดคงเหลือเงินกู้,
Loan Booking,การจองเงินกู้,
Loan Category,,
Loan Category Code,รหัสประเภทเงินกู้,
Loan Category Name,ชื่อประเภทเงินกู้,
Loan Charge Reference,อ้างอิงค่าธรรมเนียมเงินกู้,
Loan Charges,ค่าธรรมเนียมเงินกู้,
Loan Classification,การจำแนกประเภทเงินกู้,
Loan Classification Details,รายละเอียดการจำแนกประเภทเงินกู้,
Loan Classification Range,ช่วงการจำแนกประเภทเงินกู้,
Loan Closure,การปิดสินเชื่อ,
Loan Closure Requested,ขอปิดสินเชื่อ,
Loan Credit Limits,วงเงินสินเชื่อ,
Loan Demand,ความต้องการเงินกู้,
Loan Demand Details,รายละเอียดความต้องการเงินกู้,
Loan Demand Offset Detail,รายละเอียดการตัดยอดความต้องการเงินกู้,
Loan Demand Offset Order,คำสั่งตัดยอดเงินกู้,
Loan Details,รายละเอียดเงินกู้,
Loan Disbursement,การเบิกจ่ายเงินกู้,
Loan Disbursement Charge,ค่าธรรมเนียมการเบิกจ่ายเงินกู้,
Loan Disbursement Charges,ค่าธรรมเนียมการเบิกจ่ายเงินกู้,
Loan Freeze Log,บันทึกการอายัดบัญชี,
Loan IRAC Provisioning Configuration,การตั้งค่าการกันสำรองสินเชื่อ IRAC,
Loan Info,ข้อมูลสินเชื่อ,
Loan Interest Accrual,ดอกเบี้ยค้างรับ,
Loan Interest Report,รายงานดอกเบี้ยเงินกู้,
Loan Limit Change Log,บันทึกการเปลี่ยนแปลงวงเงินกู้,
Loan Manager,ผู้จัดการสินเชื่อ,
Loan NPA Log,บันทึกสินเชื่อที่ไม่ก่อให้เกิดรายได้ (NPA),
Loan Officer Product,,
Loan Officer Profile,,
Loan Officer Territory,,
Loan Outstanding Report,รายงานยอดเงินกู้คงค้าง,
Loan Partner,พันธมิตรเงินกู้,
Loan Partner Address,ที่อยู่พันธมิตรเงินกู้,
Loan Partner Adhoc Charges Shared,ค่าธรรมเนียมเฉพาะกิจที่แบ่งปันกับพันธมิตรเงินกู้,
Loan Partner Details,รายละเอียดคู่ค้าสินเชื่อ,
Loan Partner Interest Rate,อัตราดอกเบี้ยพันธมิตรเงินกู้,
Loan Partner Payment Ratio,อัตราส่วนการชำระเงินของพันธมิตรเงินกู้,
Loan Partner Rate Of Interest,อัตราดอกเบี้ยพันธมิตรเงินกู้,
Loan Partner Repayment Schedule Type,ประเภทตารางการชำระเงินคืนพันธมิตรเงินกู้,
Loan Partner Share Details,รายละเอียดส่วนแบ่งหุ้นพันธมิตรเงินกู้,
Loan Partner Share Percentage,เปอร์เซ็นต์ส่วนแบ่งหุ้นพันธมิตรเงินกู้,
Loan Partner Shareable,หุ้นส่วนเงินกู้ที่สามารถแบ่งปันได้,
Loan Partners,พันธมิตรเงินกู้,
Loan Period Limits,,
Loan Product,ผลิตภัณฑ์สินเชื่อ,
Loan Product Collateral Requirement,,
Loan Product Document Requirement,,
Loan Product Fee,,
Loan Product Loan Partner,ผลิตภัณฑ์สินเชื่อ หุ้นส่วนสินเชื่อ,
Loan Product Selling Point,,
Loan Refund,การคืนเงินกู้,
Loan Repayment,การชำระเงินกู้,
Loan Repayment Charges,ค่าธรรมเนียมการชำระคืนเงินกู้,
Loan Repayment Detail,รายละเอียดการชำระคืนเงินกู้,
Loan Repayment Entries,รายการตัดชำระเงินกู้,
Loan Repayment Repost,โพสต์ซ้ำการชำระเงินกู้,
Loan Repayment Repost Cancel Detail,รายละเอียดการยกเลิกการบันทึกซ้ำการชำระเงินกู้,
Loan Repayment Repost Detail,รายละเอียดการบันทึกซ้ำการชำระเงินกู้,
Loan Repayment Schedule,ตารางการชำระคืนเงินกู้,
Loan Repayment Schedule Detail,รายละเอียดกำหนดการชำระเงินกู้,
Loan Repayment Type,ประเภทการชำระคืนเงินกู้,
Loan Repayment and Closure,การชำระคืนเงินกู้และการปิดสินเชื่อ,
Loan Restructure,ปรับโครงสร้างเงินกู้,
Loan Restructure Count,จำนวนครั้งการปรับโครงสร้างเงินกู้,
Loan Restructure Details,รายละเอียดการปรับโครงสร้างเงินกู้,
Loan Restructure Limit Log,บันทึกขีดจำกัดการปรับโครงสร้างเงินกู้,
Loan Screening Criteria,,
Loan Security,ความปลอดภัยของสินเชื่อ,
Loan Security Assignment,การมอบหมายหลักประกันเงินกู้,
Loan Security Code,รหัสความปลอดภัยของสินเชื่อ,
Loan Security Deposit,เงินประกันเงินกู้,
Loan Security Details,รายละเอียดความปลอดภัยสินเชื่อ,
Loan Security Exposure,ความเสี่ยงจากหลักประกันเงินกู้,
Loan Security Name,ชื่อหลักประกันสินเชื่อ,
Loan Security Price,ราคาหลักประกัน,
Loan Security Release,การปลดปล่อยหลักประกันเงินกู้,
Loan Security Shortfall,ความไม่มั่นคงของสินเชื่อ,
Loan Security Status,สถานะความปลอดภัยสินเชื่อ,
Loan Security Type,ประเภทหลักประกัน,
Loan To Value Ratio,อัตราส่วนสินเชื่อต่อมูลค่า,
Loan To Value Ratio expresses the ratio of the loan amount to the value of the security pledged. A loan security shortfall will be triggered if this falls below the specified value for any loan ,อัตราส่วนเงินกู้ต่อมูลค่าเป็นการแสดงอัตราส่วนของจำนวนเงินกู้ต่อมูลค่าของหลักประกันที่จำนำ การขาดความปลอดภัยของเงินกู้จะเกิดขึ้นหากต่ำกว่ามูลค่าที่ระบุสำหรับเงินกู้ใด ๆ,
Loan Transfer,การโอนเงินกู้,
Loan Transfer Detail,รายละเอียดการโอนเงินกู้,
Loan Write Off,ตัดหนี้สูญ,
Loan Write Off will be automatically created on loan closure request if pending amount is below this limit,การตัดหนี้สินเชื่อจะถูกสร้างขึ้นโดยอัตโนมัติเมื่อมีคำขอปิดสินเชื่อหากยอดค้างชำระต่ำกว่าขีดจำกัดนี้,
Loan is a Non Performing Asset,เงินกู้เป็นสินทรัพย์ที่ไม่ก่อให้เกิดรายได้,
Loans,เงินให้กู้ยืม,
Loans will be marked as NPA when the days past due count exceed this threshold,สินเชื่อจะถูกระบุเป็นสินเชื่อด้อยคุณภาพเมื่อจำนวนวันที่ค้างชำระเกินเกณฑ์นี้,
Log out,ออกจากระบบ,
"Lower number appears first. Use 1, 2, 3, etc. to control display order.",,
Manual Foreclosure,การปิดบัญชีด้วยตนเอง,
Manual NPA,NPA คู่มือ,
Manual Remarks,หมายเหตุด้วยตนเอง,
Manually marked as NPA,ทำเครื่องหมายด้วยตนเองว่าเป็น NPA,
Marketing point in English language,,
Marketing point in Thai language,,
Marketing selling points for this product,,
Maturity Date,วันที่ เป็น,
Max Active Deals,,
Max DPD Range,ช่วง DPD สูงสุด,
Max Leads Per Day,,
Maximum Debt Service Ratio (%),,
Maximum LTV Ratio (%),อัตราส่วน LTV สูงสุด (%),
Maximum Limit Amount,จำนวนวงเงินสูงสุด,
Maximum Loan Amount,จำนวนเงินกู้สูงสุด,
Maximum Loan Period (Months),ระยะเวลาสูงสุดของเงินกู้ (เดือน),
Maximum Loan Value,มูลค่าสินเชื่อสูงสุด,
Maximum Vehicle Age (years),,
"Maximum debt service ratio allowed (e.g., 40% means monthly debt payments cannot exceed 40% of income)",,
"Maximum loan amount as multiple of monthly income (e.g., 10 means max loan = 10x monthly income)",,
Maximum loan period in months,,
Maximum loan-to-value ratio (leave blank for no limit),,
Maximum loan-to-value ratio allowed,,
Maximum vehicle age allowed (leave blank for no limit),,
Member,สมาชิก,
Min DPD Range,ช่วง DPD ขั้นต่ำ,
Minimum Guarantors,,
Minimum LTV Ratio (%),,
Minimum Loan Amount,จำนวนเงินกู้ขั้นต่ำ,
Minimum Loan Period (Months),ระยะเวลาการกู้ยืมขั้นต่ำ (เดือน),
Minimum Partner Loan Amount Percentage,เปอร์เซ็นต์จำนวนเงินกู้ขั้นต่ำของหุ้นส่วน,
Minimum days between Disbursement date and first Repayment date,จำนวนวันขั้นต่ำระหว่างวันที่เบิกจ่ายและวันที่ชำระเงินคืนครั้งแรก,
Minimum loan amount for this product,,
Minimum loan period in months,,
Minimum loan-to-value ratio,,
Minimum loan-to-value ratio required,,
Minimum number of guarantors required,,
Misc,เบ็ดเตล็ด,
Mode Of Payment,โหมดของการชำระเงิน,
Monthly,รายเดือน,
Monthly Repayment Amount,จำนวนเงินที่ชำระหนี้รายเดือน,
Monthly as per cycle date,รายเดือนตามวันที่รอบ,
Monthly as per repayment start date,รายเดือนตามวันที่เริ่มชำระเงินคืน,
Moratorium End Date,วันที่สิ้นสุดการพักชำระหนี้,
Moratorium Tenure,ระยะเวลาการพักชำระหนี้,
Moratorium Type,ประเภทการระงับชำระหนี้,
More Information,ข้อมูลมากกว่านี้,
My Profile,โปรไฟล์ของฉัน,
My Settings,การตั้งค่าของฉัน,
NPA,สินทรัพย์ด้อยคุณภาพ,
NPA Date,วันที่ NPA,
NPL Report,,
New Loan Amount,จำนวนเงินกู้ใหม่,
New Monthly Repayment Amount,จำนวนเงินชำระรายเดือนใหม่,
New Rate Of Interest,อัตราดอกเบี้ยใหม่,
New Repayment Method,วิธีการชำระเงินใหม่,
New Repayment Period in Months,ระยะเวลาชำระคืนใหม่ (เดือน),
New Repayment Start Date,วันที่เริ่มต้นการชำระคืนใหม่,
No. of days from due date until which penalty won't be charged in case of delay in loan repayment,จำนวนวันนับจากวันที่ครบกำหนดจนถึงที่จะไม่มีการเรียกเก็บค่าปรับในกรณีที่ชำระคืนเงินกู้ล่าช้า,
Normal,ปกติ,
Normal Interest,ดอกเบี้ยปกติ,
Normal Interest Journal Entry,บันทึกบัญชีดอกเบี้ยปกติ,
Normal Limit,ขีดจำกัดปกติ,
Normal Repayment,การชำระคืนปกติ,
Normal Restructure,ปรับโครงสร้างปกติ,
Notes,บันทึก,
Number Of Days,จำนวนวัน,
Number of Guarantors Required,,
"Number of copies or instances required (e.g., 3 for salary slips)",,
Officer Name,,
Old EMI,EMI เก่า,
Old Loan Amount,จำนวนเงินกู้เดิม,
Old Rate of Interest,อัตราดอกเบี้ยเก่า,
Old Repayment Frequency,ความถี่การชำระคืนเดิม,
Old Tenure,ระยะเวลาการดำรงตำแหน่งเดิม,
On Leave,ลา,
One Time,ครั้งเดียว,
Open,เปิด,
Organization Type,ประเภทองค์กร,
Original Security Value,ค่าความปลอดภัยต้นฉบับ,
Other,อื่น ๆ,
Other Charges Waiver,ยกเว้นค่าธรรมเนียมอื่น ๆ,
Other Details,รายละเอียดอื่น ๆ,
Outdated,ล้าสมัย,
Outstanding Amount,ยอดค้างชำระ,
Outstanding Balance Report,,
Outstanding Principal,เงินต้นคงค้าง,
Outstanding Principal & Interest Accrued,ยอดเงินต้นค้างชำระและดอกเบี้ยค้างรับ,
Own Ratio,อัตราส่วนของตนเอง,
Ownership Transfer Required,,
POS reduction plus interest at partner ROI,การลด POS พร้อมดอกเบี้ยตามอัตราผลตอบแทนของพันธมิตร,
Paid Amount,จำนวนเงินที่ชำระแล้ว,
Parent Product,,
Partial Payment Mechanism,กลไกการชำระเงินบางส่วน,
Partial Settlement,การชำระเงินบางส่วน,
Partially Disbursed,การเบิกจ่ายบางส่วน,
Particulars,รายละเอียด,
Partner Base Interest Rate,อัตราดอกเบี้ยพื้นฐานของพันธมิตร,
Partner Code,รหัสคู่ค้า,
Partner Collection Percentage,เปอร์เซ็นต์การเก็บเงินจากคู่ค้า,
Partner Interest Share,ส่วนแบ่งดอกเบี้ยของคู่ค้า,
Partner Loan Amount Percentage,เปอร์เซ็นต์จำนวนเงินกู้ของคู่ค้า,
Partner Loan Share Percentage,เปอร์เซ็นต์ส่วนแบ่งเงินกู้หุ้นพันธมิตร,
Partner Monthly Repayment Amount,จำนวนเงินชำระคืนรายเดือนของพันธมิตร,
Partner Name,ชื่อคู่ค้า,
Partner Percentage,เปอร์เซ็นต์หุ้นส่วน,
Partner Ratio,อัตราส่วนหุ้นส่วน,
Partner Repayment Schedule Type,ประเภทตารางการชำระคืนพันธมิตร,
Partner Share,หุ้นส่วน,
Partner Share Allocated,จัดสรรหุ้นหุ้นส่วน,
Payable Account,เจ้าหนี้การค้า,
Payable Amount,จำนวนเจ้าหนี้,
Payable Charges,ค่าธรรมเนียมที่ต้องชำระ,
Payable Principal Amount,จำนวนเงินต้นเจ้าหนี้,
Payment Account,บัญชีการชำระเงิน,
Payment Date,วันจ่าย,
Payment Details,รายละเอียดการชำระเงิน,
Payment Reference,หลักฐานการจ่ายเงิน,
Payment References,อ้างอิงการชำระเงิน,
Payroll Payable Account,บัญชีเจ้าหนี้เงินเดือน,
Penal Interest,ดอกเบี้ยผิดนัด,
Penal Interest Waiver,การยกเว้นดอกเบี้ยผิดนัด,
Penal Treatment,การลงโทษทางบัญชี,
Penalty,ค่าปรับ,
Penalty Accrued Account,บัญชี การอายัดบัญชี,
Penalty Amount,จำนวนโทษ,
Penalty Capitalization,การลงโทษการแช่แข็งบัญชี,
Penalty Charges Accounts,บัญชีค่าปรับ,
Penalty Charges Rate,อัตราค่าปรับ,
Penalty Income Account,บัญชีรายรับค่าปรับ,
Penalty Interest Rate (%),อัตราดอกเบี้ยค่าปรับ (%),
Penalty Interest Rate is levied on the pending amount on a daily basis in case of delayed repayment ,อัตราดอกเบี้ยผิดนัดจะถูกเรียกเก็บจากยอดค้างชำระรายวันในกรณีที่ชำระล่าช้า,
Penalty Overdue,ค่าปรับค้างชำระ,
Penalty Receivable Account,บัญชี การอายัด,
Penalty Suspense Account,บัญชีพักรอการลงโทษ,
Penalty Waiver,การยกเว้นค่าปรับ,
Penalty Waiver Account,บัญชียกเว้นค่าปรับ,
Pending,รอดำเนินการ,
Pending Charge Amount,จำนวนเงินค่าธรรมเนียมที่รอดำเนินการ,
Pending Principal Amount,จำนวนเงินต้นที่รออนุมัติ,
Percentage,ร้อยละ,
Performance Metrics,,
Performance Rating,,
Pledge,จำนำ,
Pledge Requested,ขอคำมั่น,
Pledge Time,เวลาจำนำ,
Pledged,ให้คำมั่นสัญญา,
Post Haircut Amount,จำนวนเงินที่โพสต์ตัดผม,
Posting Date,วันที่บันทึกข้อมูล,
Posting Date (End Date),วันที่ลงบัญชี (วันที่สิ้นสุด),
Pre Payment,เงินชำระล่วงหน้า,
Pre Payment Charges,ค่าธรรมเนียมการชำระเงินล่วงหน้า,
Pre Restructure DPD,DPD ก่อนการปรับโครงสร้าง,
Pre Restructure Details,รายละเอียดก่อนการปรับโครงสร้าง,
Prepayment Charges,ค่าธรรมเนียมเงินล่วงหน้า,
Primary,หลัก,
Primary Address,ที่อยู่หลัก,
"Primary collateral type for this loan product. Vehicle = cars, motorcycles, trucks. Land = vacant land with title deed. Property = land with buildings/structures.",,
Principal,เงินต้น,
Principal Adjusted,ปรับปรุงเงินต้น,
Principal Adjustment,การปรับยอดเงินต้น,
Principal Amount,เงินต้น,
Principal Amount Paid,จำนวนเงินที่จ่าย,
Principal Capitalization,การตั้งต้นทุนหลัก,
Principal Outstanding,ยอดเงินต้นคงเหลือ,
Principal Overdue,เงินต้นค้างชำระ,
Pro-rated calendar months,เดือนปฏิทินคำนวณสัดส่วน,
Process Loan Classification,กระบวนการจัดประเภทสินเชื่อ,
Process Loan Demand,ดำเนินการคำขอกู้เงิน,
Process Loan Interest Accrual,ประมวลผลดอกเบี้ยค้างรับสินเชื่อ,
Process Loan Restructure Limit,ดำเนินการปรับโครงสร้างวงเงินสินเชื่อ,
Process Loan Security Shortfall,ความล้มเหลวของความปลอดภัยสินเชื่อกระบวนการ,
Process Payroll Accounting Entry based on Employee,บันทึกบัญชีเงินเดือนตามพนักงาน,
Processing Fee,ค่าธรรมเนียมการดำเนินการ,
Product Code,รหัสสินค้า,
Product Description,,
Product Details,,
Product Name,ชื่อสินค้า,
Product Name (EN),,
Product Name (TH),,
Product Specializations,,
Product fees and charges,,
Product name in English language,,
Product name in Thai language,,
Product-specific special requirements and conditions,,
Products,สินค้า,
Property,คุณสมบัติ,
Property Deed,,
Proposed Pledge,จำนำเสนอ,
Proposed Pledges,คำมั่นสัญญาที่เสนอ,
Provision Rate,อัตราสำรอง,
Quantity,ปริมาณ,
Quantity Required,,
Quarterly,รายไตรมาส,
Rate Of Interest,อัตราดอกเบี้ย,
Rate of Interest,อัตราดอกเบี้ย,
Rate of Interest (%) / Year,อัตราดอกเบี้ย (%) / ปี,
Rate of Interest (%) Yearly,อัตราดอกเบี้ย (%) ประจำปี,
Ratio,อัตราส่วน,
Reason,เหตุผล,
Reason For Freezing,เหตุผลในการอายัด / ระงับบัญชี,
Reason for Restructure,เหตุผลในการปรับโครงสร้าง,
Receivable Account,ลูกหนี้การค้า,
Reference Date,วันที่อ้างอิง,
Reference Document Type,ประเภทเอกสารอ้างอิง,
Reference Name,ชื่ออ้างอิง,
Reference No,เลขอ้างอิง,
Reference Number,เลขที่อ้างอิง,
References,อ้างอิง,
Refund,คืนเงิน,
Refund Account,บัญชีคืนเงิน,
Refund Amount,จำนวนเงินคืน,
Refund Date,วันที่คืนเงิน,
Refund Details,รายละเอียดการคืนเงิน,
Refund amount,จำนวนเงินคืน,
Regular,ปกติ,
Rejected,ไม่อนุมัติ,
Release Requested,ร้องขอการปล่อยตัว,
Release Time,เวลาปล่อย,
Released,ปล่อยแล้ว,
Reload,โหลด,
Remaining Debtor Report,,
Remarks,หมายเหตุ,
Repay Fixed Amount per Period,ชำระคืนจำนวนคงที่ต่อปีระยะเวลา,
Repay From Salary,ชำระคืนจากเงินเดือน,
Repay Over Number of Periods,ชำระคืนกว่าจำนวนงวด,
Repayment,การชำระคืน,
Repayment Account,บัญชี เริ่งระบร,
Repayment Date On,วันที่ชำระคืน ณ,
Repayment Details,รายละเอียดการชำระคืน,
Repayment Frequency,ความถี่ในการชำระคืน,
Repayment Info,ข้อมูลการชำระหนี้,
Repayment Method,วิธีการชำระหนี้,
Repayment Period In Months,ระยะเวลาชำระคืนเป็นเดือน,
Repayment Period in Months,ระยะเวลาชำระหนี้ในเดือน,
Repayment Periods,ระยะเวลาการชำระคืน,
Repayment Schedule,กำหนดชำระคืน,
Repayment Schedule Detail,รายละเอียดกำหนดการชำระเงิน,
Repayment Schedule Type,ประเภทตารางการชำระเงินคืน,
Repayment Start Date,วันที่เริ่มชำระคืน,
Repayment Type,ประเภทการชำระคืน,
Report an Issue,รายงานปัญหา,
Repossessed,ยึดคืน,
Repost Date,วันที่โพสต์ซ้ำ,
Requested,ร้องขอ,
Require Credit Bureau Check,,
Required documents for loan application,,
Required for loan application,,
Rescheduled,เลื่อนกำหนดใหม่,
Restructure Charges,ปรับโครงสร้างค่าธรรมเนียม,
Restructure Date,จัดโครงสร้างวันที่,
Restructure Type,ประเภทการจัดโครงสร้าง,
Restructure of Loans applicable,การปรับโครงสร้างเงินกู้ที่ใช้ได้,
Restructured,ปรับโครงสร้างใหม่,
Salary Slip,สลิปเงินเดือน,
Sales Invoice,ใบแจ้งหนี้ขาย,
Same as regular interest accounts,เหมือนกับบัญชีดอกเบี้ยปกติ,
Sanctioned,ตามทำนองคลองธรรม,
Sanctioned Amount Limit,วงเงินจำนวนที่ถูกลงโทษ,
Sanctioned Loan Amount,จำนวนเงินกู้ตามทำนองคลองธรรม,
Secured,ปลอดภัย,
Securities,หลักทรัพย์,
Security Deposit Account,บัญชีเงินประกันความปลอดภัย,
Security Deposit Adjustment,การปรับยอดเงินประกัน,
Security Type,ประเภทความปลอดภัย,
Security Value ,ค่าความปลอดภัย,
Select whether the repayment date should be the end of the current month or start of the upcoming month,เลือกว่ากำหนดวันชำระคืนควรเป็นวันสิ้นเดือนปัจจุบันหรือวันต้นเดือนถัดไป,
Selling Point (English),,
Selling Point (TH),,
Selling Points,,
Semi-Secured,กึ่งปลอดภัย,
Servicer Fee,ค่าบริการ,
Session Defaults,ค่าเริ่มต้นของเซสชัน,
Settled,ปึกแผ่น,
Settlement Date,วันที่ ของ,
Shareable Type,ประเภทที่แชร์ได้,
Shareables,รายการที่แชร์ได้,
Sharing Parameter,การแชร์พารามิเตอร์,
Shortfall Amount,จำนวนเงินที่ขาด,
Shortfall Percentage,เปอร์เซ็นต์ส่วนขาดทุน,
Shortfall Time,เวลาที่สั้น,
Sort Index,,
Sort Order,เรียง,
Special Conditions,,
Specify loan amount range where this document is required,,
Stamp Duty,,
Start Date,วันที่เริ่มต้น,
Start of the next month,ต้นเดือนถัดไป,
Status,สถานะ,
Submitted,ส่งแล้ว,
Subsidy Adjustment Account,บัญชีปรับเงินอุดหนุน,
Subsidy Adjustments,การปรับเงินอุดหนุน,
Success,สำเร็จ,
Suspense Account,บัญชีสงสัย,
Suspense Collection Account,บัญชีเงินค้างรับชั่วคราว,
Suspense Interest Income,รายได้ดอกเบี้ยค้างรับ,
System Manager,ผู้จัดการระบบ,
Tax Return,,
Tenure,ระยะเวลาการดำรงตำแหน่ง,
Tenure Post Restructure,ระยะเวลาการดำรงตำแหน่งหลังการปรับโครงสร้าง,
Term Details,รายละเอียดคำ,
Territories,,
Territory,เขตแดน,
The schedule type that will be used for generating the term loan schedules (will affect the payment date and monthly repayment amount),ประเภทตารางเวลาที่จะใช้สำหรับการสร้างตารางเวลาสินเชื่อระยะยาว (จะมีผลต่อวันที่ชำระเงินและจำนวนเงินผ่อนชำระรายเดือน),
Timestamp,การประทับเวลา,
Title,ชื่อเรื่อง,
To Branch,ไปยังสาขา,
To Date,ถึงวันที่,
Toggle Full Width,สลับความกว้างเต็มหน้าจอ,
Toggle Theme,สลับธีม,
Total Amount Paid,จำนวนเงินที่จ่าย,
Total Charges Paid,ยอดรวมค่าธรรมเนียมที่ชำระแล้ว,
Total Charges Payable,ยอดรวมค่าบริการที่ต้องชำระ,
Total Deals Closed,,
Total Disbursement,,
Total Installments Overdue ,ยอดงวดค้างชำระทั้งหมด,
Total Installments Paid,ยอดผ่อนชำระทั้งหมด,
Total Installments Raised,ยอดผ่อนชำระทั้งหมดที่เรียกเก็บ,
Total Interest Paid,ยอดดอกเบี้ยที่ชำระทั้งหมด,
Total Interest Payable,ดอกเบี้ยรวมเจ้าหนี้,
Total Leads Assigned,,
Total Overdue Amount,ยอดค้างชำระรวม,
Total Partner Interest Share,สัดส่วนผลประโยชน์รวมของหุ้นส่วน,
Total Partner Principal Share,หุ้นส่วนหลักรวม,
Total Payable Amount,รวมจำนวนเงินที่จ่าย,
Total Payable Interest,รวมดอกเบี้ยเจ้าหนี้,
Total Payment,การชำระเงินรวม,
Total Penalty Paid,ยอดเงินค่าปรับที่ชำระแล้ว,
Total Principal Paid,เงินต้นรวมที่จ่าย,
Total Security Value,มูลค่าความปลอดภัยทั้งหมด,
Totals,รวมทั้งหมด,
Trace ID,รหัสติดตาม,
Traceback,ตรวจสอบย้อนกลับ,
Transfer Date,วันโอน,
Treatment Of Interest,การบันทึกดอกเบี้ย,
Treatment of Interest,การบันทึกดอกเบี้ย,
Type of FLDG Applicable,ประเภทของการอายัดบัญชีที่ใช้บังคับ,
Unaccrued Interest,ดอกเบี้ยค้างรับ,
Unaccrued Interest Treatment,การบันทึกดอกเบี้ยค้างรับ,
Unaccrued Interest Waiver,การยกเว้นดอกเบี้ยค้างรับ,
Unbooked Interest Paid,ดอกเบี้ยที่จ่ายยังไม่บันทึกบัญชี,
Unbooked Penalty Paid,ค่าปรับที่ยังไม่บันทึกการชำระแล้ว,
Unfreeze Date,วันที่ปลดล็อกบัญชี,
Unmark NPA,ยกเลิกการทำเครื่องหมายบัญชีที่ไม่ก่อให้เกิดรายได้ (NPA),
Unpledge,Unpledge,
Unpledge Time,ปลดเวลา,
Unpledged,Unpledged,
Unsecured,ไม่มีหลักประกัน,
Update Time,อัปเดตเวลา,
User,ผู้ใช้,
User Forum,ฟอรั่มผู้ใช้,
Utility Bill,บริบทอร์,
Utilized Limit,วงเงินที่ใช้ไปแล้ว,
Utilized Limit Amount,จำนวนวงเงินที่ใช้ไปแล้ว,
Utilized Security Value,มูลค่าความปลอดภัยที่ใช้แล้ว,
Valid From,ใช้ได้จาก,
Valid Upto,ใช้ได้ไม่เกิน,
Validate Normal Repayment,ตรวจสอบการชำระเงินปกติ,
Validity Period (Months),,
Value Change,เปลี่ยนแปลงค่า,
Value Date,วันที่ ส่าง,
Value Type,ประเภทค่า,
Vehicle,พาหนะ,
Vehicle + Land,,
Vehicle + Property,,
Vehicle Registration,การจดทะเบียนรถยนต์,
Vehicle/land types allowed for this product,,
View Website,ดูเว็บไซต์,
Waive Off Restructure Charges,ยกเว้นค่าปรับโครงสร้างใหม่,
Waived Amount,จำนวนที่ยกเว้น,
Waiver Account,บัญชียกเว้น,
Waiving of Charges applicable,การยกเว้นค่าธรรมเนียมที่ใช้บังคับ,
Warning,คำเตือน,
Watch Period End Date,วันที่สิ้นสุดรอบระยะเวลาตรวจสอบ,
Weekly,รายสัปดาห์,
Withhold Security Deposit,หักเงินประกัน,
Write Off Account,เขียนทันทีบัญชี,
Write Off Accounts,บัญชีตัดจำหน่าย,
Write Off Amount,ตัดเงิน,
Write Off Details,รายละเอียดการตัดบัญชี,
Write Off Recovery,การเรียกเก็บคืนยอดตัดจำหน่าย,
Write Off Recovery Account,บัญชีเรียกเก็บคืนการตัดจำหน่าย,
Write Off Settlement,การตัดยอดชำระบัญชี,
Written Off,ตัดจำหน่าย,
Written Off Amount,จำนวนที่ตัดจำหน่ายแล้ว,
